{"v":"5.7.3","fr":30,"ip":30,"op":91,"w":500,"h":500,"nm":"WiFi Connecting","ddd":0,"assets":[],"layers":[{"ddd":0,"ind":1,"ty":4,"nm":"WiFi","sr":1,"ks":{"o":{"a":0,"k":100,"ix":11},"r":{"a":0,"k":0,"ix":10},"p":{"a":0,"k":[249.997,250,0],"ix":2},"a":{"a":0,"k":[232.497,232.5,0],"ix":1},"s":{"a":1,"k":[{"i":{"x":[0.667,0.667,0.667],"y":[1,1,1]},"o":{"x":[0.333,0.333,0.333],"y":[0,0,0]},"t":30,"s":[32,32,100]},{"i":{"x":[0.667,0.667,0.667],"y":[1,1,1]},"o":{"x":[0.333,0.333,0.333],"y":[0,0,0]},"t":60,"s":[28,28,100]},{"t":90,"s":[32,32,100]}],"ix":6}},"ao":0,"shapes":[{"ty":"gr","it":[{"ind":0,"ty":"sh","ix":1,"ks":{"a":0,"k":{"i":[[166.413,29.630000000000003],[116.923,-15.2],[31.213,-46.48],[-61.357,-40.07],[-141.087,2.1900000000000013],[-166.077,38.01],[-154.937,46.48],[-144.597,45.05],[-53.747,-20],[105.513,2.6799999999999997],[155.333,47.93]],"o":[[141.09300000000002,2.1900000000000013],[61.363,-40.07],[-31.207,-46.48],[-116.92699999999999,-15.2],[-166.417,29.630000000000003],[-158.157,45.32],[-148.157,46.48],[-105.507,2.6799999999999997],[53.753,-20],[146.953,47.589999999999996],[166.083,38.01]],"v":[[161.453,24.26],[89.633,-27.41],[0.003,-46.48],[-89.627,-27.41],[-161.457,24.26],[-160.697,42.97],[-151.727,46.48],[-141.987,42.22],[0.003,-20],[141.993,42.22],[160.703,42.97]],"c":true},"ix":2},"nm":"Path 1","mn":"ADBE Vector Shape - Group","hd":false,"_render":true},{"ty":"fl","c":{"a":0,"k":[0,0.8667,0.702,1],"ix":4},"o":{"a":0,"k":100,"ix":5},"r":1,"bm":0,"nm":"Fill 1","mn":"ADBE Vector Graphic - Fill","hd":false,"_render":true},{"ty":"tr","p":{"a":0,"k":[232.497,156.64],"ix":2},"a":{"a":0,"k":[0,0],"ix":1},"s":{"a":0,"k":[100,100],"ix":3},"r":{"a":0,"k":0,"ix":6},"o":{"a":0,"k":100,"ix":7},"sk":{"a":0,"k":0,"ix":4},"sa":{"a":0,"k":0,"ix":5},"nm":"Transform","_render":true}],"nm":"Group 1","np":2,"cix":2,"bm":0,"ix":1,"mn":"ADBE Vector Group","hd":false,"_render":true},{"ty":"gr","it":[{"ind":0,"ty":"sh","ix":1,"ks":{"a":0,"k":{"i":[[44.15,-37.008],[-86.32,-18.068],[-120.05999999999999,28.802],[-100.76,38.032],[-36.6,-10.528],[71.55000000000001,5.181999999999999],[102.14999999999999,37.002],[112.08,35.902],[120.55,20.432]],"o":[[-44.15,-37.008],[-120.55,20.432],[-109.13,38.522],[-71.55000000000001,5.181999999999999],[36.6,-10.528],[98.52000000000001,35.501999999999995],[108.92999999999999,37.002],[120.05999999999999,28.802],[86.32,-18.068]],"v":[[0,-37.008],[-115.69,14.962],[-114.6,33.662],[-95.9,32.562],[0,-10.528],[95.9,32.562],[105.8,37.002],[114.6,33.662],[115.69,14.962]],"c":true},"ix":2},"nm":"Path 1","mn":"ADBE Vector Shape - Group","hd":false,"_render":true},{"ty":"fl","c":{"a":0,"k":[0,0.8667,0.702,1],"ix":4},"o":{"a":0,"k":100,"ix":5},"r":1,"bm":0,"nm":"Fill 1","mn":"ADBE Vector Graphic - Fill","hd":false,"_render":true},{"ty":"tr","p":{"a":0,"k":[232.5,212.038],"ix":2},"a":{"a":0,"k":[0,0],"ix":1},"s":{"a":0,"k":[100,100],"ix":3},"r":{"a":0,"k":0,"ix":6},"o":{"a":0,"k":100,"ix":7},"sk":{"a":0,"k":0,"ix":4},"sa":{"a":0,"k":0,"ix":5},"nm":"Transform","_render":true}],"nm":"Group 2","np":2,"cix":2,"bm":0,"ix":2,"mn":"ADBE Vector Group","hd":false,"_render":true},{"ty":"gr","it":[{"ind":0,"ty":"sh","ix":1,"ks":{"a":0,"k":{"i":[[27.38,-27.581],[-52.92999999999999,-15.321],[-73.78,20.079],[-54.04,28.339],[-19.31,-1.091],[37.34,7.559000000000001],[55.92,27.579],[65.63,26.619],[74.67999999999999,11.739]],"o":[[-27.38,-27.581],[-74.67999999999999,11.739],[-62.379999999999995,29.238999999999997],[-37.34,7.558999999999999],[19.31,-1.091],[52.08,25.889000000000003],[62.7,27.579],[73.78,20.079],[52.92999999999999,-15.321]],"v":[[0,-27.581],[-70.1,6.039],[-68.08,24.659],[-49.46,22.639],[0,-1.091],[49.46,22.629],[59.79,27.579],[68.08,24.659],[70.1,6.039]],"c":true},"ix":2},"nm":"Path 1","mn":"ADBE Vector Shape - Group","hd":false,"_render":true},{"ty":"fl","c":{"a":0,"k":[0,0.8667,0.702,1],"ix":4},"o":{"a":0,"k":100,"ix":5},"r":1,"bm":0,"nm":"Fill 1","mn":"ADBE Vector Graphic - Fill","hd":false,"_render":true},{"ty":"tr","p":{"a":0,"k":[232.5,267.481],"ix":2},"a":{"a":0,"k":[0,0],"ix":1},"s":{"a":0,"k":[100,100],"ix":3},"r":{"a":0,"k":0,"ix":6},"o":{"a":0,"k":100,"ix":7},"sk":{"a":0,"k":0,"ix":4},"sa":{"a":0,"k":0,"ix":5},"nm":"Transform","_render":true}],"nm":"Group 3","np":2,"cix":2,"bm":0,"ix":3,"mn":"ADBE Vector Group","hd":false,"_render":true},{"ty":"gr","it":[{"ind":0,"ty":"sh","ix":1,"ks":{"a":0,"k":{"i":[[13.8,-25.03],[-25.03,-13.8],[-13.8,25.03],[25.03,13.8]],"o":[[-13.8,-25.03],[-25.03,13.8],[13.8,25.03],[25.03,-13.8]],"v":[[0,-25.03],[-25.03,0],[0,25.03],[25.03,0]],"c":true},"ix":2},"nm":"Path 1","mn":"ADBE Vector Shape - Group","hd":false,"_render":true},{"ty":"fl","c":{"a":0,"k":[0,0.8667,0.702,1],"ix":4},"o":{"a":0,"k":100,"ix":5},"r":1,"bm":0,"nm":"Fill 1","mn":"ADBE Vector Graphic - Fill","hd":false,"_render":true},{"ty":"tr","p":{"a":0,"k":[232.5,329.81],"ix":2},"a":{"a":0,"k":[0,0],"ix":1},"s":{"a":0,"k":[100,100],"ix":3},"r":{"a":0,"k":0,"ix":6},"o":{"a":0,"k":100,"ix":7},"sk":{"a":0,"k":0,"ix":4},"sa":{"a":0,"k":0,"ix":5},"nm":"Transform","_render":true}],"nm":"Group 4","np":2,"cix":2,"bm":0,"ix":4,"mn":"ADBE Vector Group","hd":false,"_render":true}],"ip":0,"op":299.987987987988,"st":0,"bm":0,"completed":true},{"ddd":0,"ind":2,"ty":4,"nm":"Circle-1","sr":1,"ks":{"o":{"a":0,"k":100,"ix":11},"r":{"a":0,"k":0,"ix":10},"p":{"a":0,"k":[250,250,0],"ix":2},"a":{"a":0,"k":[0,0,0],"ix":1},"s":{"a":0,"k":[32,32,100],"ix":6}},"ao":0,"shapes":[{"ty":"gr","it":[{"ind":0,"ty":"sh","ix":1,"ks":{"a":0,"k":{"i":[[256,-141.16],[141.16,256],[-256,141.16],[-141.16,-256]],"o":[[256,141.16],[-141.16,256],[-256,-141.16],[141.16,-256]],"v":[[256,0],[0,256],[-256,0],[0,-256]],"c":true},"ix":2},"nm":"Path 1","mn":"ADBE Vector Shape - Group","hd":false,"_render":true},{"ty":"gf","o":{"a":0,"k":100,"ix":10},"r":1,"bm":0,"g":{"p":3,"k":{"a":0,"k":[0,0.0314,0.3412,0.6275,0.5,0.1642,0.5939,0.9958,1,0.3035,0.6615,0.9965],"ix":9}},"s":{"a":0,"k":[0,-256],"ix":5},"e":{"a":0,"k":[0,256],"ix":6},"t":1,"nm":"Gradient Fill 1","mn":"ADBE Vector Graphic - G-Fill","hd":false,"_render":true},{"ty":"tr","p":{"a":0,"k":[0,0],"ix":2},"a":{"a":0,"k":[0,0],"ix":1},"s":{"a":0,"k":[100,100],"ix":3},"r":{"a":0,"k":0,"ix":6},"o":{"a":0,"k":100,"ix":7},"sk":{"a":0,"k":0,"ix":4},"sa":{"a":0,"k":0,"ix":5},"nm":"Transform","_render":true}],"nm":"Group 1","np":2,"cix":2,"bm":0,"ix":1,"mn":"ADBE Vector Group","hd":false,"_render":true},{"ty":"gr","it":[{"ty":"tr","p":{"a":0,"k":[0,0],"ix":2},"a":{"a":0,"k":[0,0],"ix":1},"s":{"a":0,"k":[100,100],"ix":3},"r":{"a":0,"k":0,"ix":6},"o":{"a":0,"k":100,"ix":7},"sk":{"a":0,"k":0,"ix":4},"sa":{"a":0,"k":0,"ix":5},"nm":"Transform","_render":true}],"nm":"Group 2","np":0,"cix":2,"bm":0,"ix":2,"mn":"ADBE Vector Group","hd":false,"_render":true},{"ty":"gr","it":[{"d":1,"ty":"el","s":{"a":0,"k":[165,165],"ix":2},"p":{"a":0,"k":[0,0],"ix":3},"nm":"Ellipse Path 1","mn":"ADBE Vector Shape - Ellipse","hd":false,"_render":true},{"ty":"tr","p":{"a":0,"k":[0,0],"ix":2},"a":{"a":0,"k":[0,0],"ix":1},"s":{"a":0,"k":[100,100],"ix":3},"r":{"a":0,"k":0,"ix":6},"o":{"a":0,"k":100,"ix":7},"sk":{"a":0,"k":0,"ix":4},"sa":{"a":0,"k":0,"ix":5},"nm":"Transform","_render":true}],"nm":"Group 3","np":1,"cix":2,"bm":0,"ix":3,"mn":"ADBE Vector Group","hd":false,"_render":true}],"ip":0,"op":299.987987987988,"st":0,"bm":0,"completed":true},{"ddd":0,"ind":3,"ty":4,"nm":"Circle-2","sr":1,"ks":{"o":{"a":0,"k":100,"ix":11},"r":{"a":0,"k":0,"ix":10},"p":{"a":0,"k":[250,250,0],"ix":2},"a":{"a":0,"k":[0,0,0],"ix":1},"s":{"a":0,"k":[100,100,100],"ix":6}},"ao":0,"shapes":[{"ty":"gr","it":[{"d":1,"ty":"el","s":{"a":1,"k":[{"i":{"x":[0.833,0.833],"y":[0.809,0.809]},"o":{"x":[0.167,0.167],"y":[0.191,0.191]},"t":0,"s":[160,160]},{"i":{"x":[0.833,0.833],"y":[0.936,0.936]},"o":{"x":[0.167,0.167],"y":[0.064,0.064]},"t":55.055,"s":[400,400]},{"t":60.060546875,"s":[465,465]}],"ix":2},"p":{"a":0,"k":[0,0],"ix":3},"nm":"æ¤­åè·¯å¾ 1","mn":"ADBE Vector Shape - Ellipse","hd":false,"_render":true},{"ty":"st","c":{"a":0,"k":[0,0.5725,0.8941,1],"ix":3},"o":{"a":0,"k":100,"ix":4},"w":{"a":0,"k":3,"ix":5},"lc":1,"lj":1,"ml":4,"bm":0,"nm":"æè¾¹ 1","mn":"ADBE Vector Graphic - Stroke","hd":false,"_render":true},{"ty":"tr","p":{"a":0,"k":[0,0],"ix":2},"a":{"a":0,"k":[0,0],"ix":1},"s":{"a":0,"k":[100,100],"ix":3},"r":{"a":0,"k":0,"ix":6},"o":{"a":1,"k":[{"i":{"x":[0.833],"y":[0.694]},"o":{"x":[0.167],"y":[0.306]},"t":0,"s":[100]},{"i":{"x":[0.833],"y":[0.972]},"o":{"x":[0.167],"y":[0.028]},"t":55.055,"s":[20]},{"t":60.060546875,"s":[0]}],"ix":7},"sk":{"a":0,"k":0,"ix":4},"sa":{"a":0,"k":0,"ix":5},"nm":"Transform","_render":true}],"nm":"æ¤­å 1","np":3,"cix":2,"bm":0,"ix":1,"mn":"ADBE Vector Group","hd":false,"_render":true}],"ip":0,"op":299.987987987988,"st":0,"bm":0,"completed":true},{"ddd":0,"ind":4,"ty":4,"nm":"Circle-3","sr":1,"ks":{"o":{"a":0,"k":100,"ix":11},"r":{"a":0,"k":0,"ix":10},"p":{"a":0,"k":[250,250,0],"ix":2},"a":{"a":0,"k":[0,0,0],"ix":1},"s":{"a":0,"k":[100,100,100],"ix":6}},"ao":0,"shapes":[{"ty":"gr","it":[{"d":1,"ty":"el","s":{"a":1,"k":[{"i":{"x":[0.833,0.833],"y":[0.809,0.809]},"o":{"x":[0.167,0.167],"y":[0.191,0.191]},"t":20.012,"s":[160,160]},{"i":{"x":[0.833,0.833],"y":[0.936,0.936]},"o":{"x":[0.167,0.167],"y":[0.064,0.064]},"t":75.067,"s":[400,400]},{"t":80.072558887012,"s":[465,465]}],"ix":2},"p":{"a":0,"k":[0,0],"ix":3},"nm":"æ¤­åè·¯å¾ 1","mn":"ADBE Vector Shape - Ellipse","hd":false,"_render":true},{"ty":"st","c":{"a":0,"k":[0,0.5725,0.8941,1],"ix":3},"o":{"a":0,"k":100,"ix":4},"w":{"a":0,"k":3,"ix":5},"lc":1,"lj":1,"ml":4,"bm":0,"nm":"æè¾¹ 1","mn":"ADBE Vector Graphic - Stroke","hd":false,"_render":true},{"ty":"tr","p":{"a":0,"k":[0,0],"ix":2},"a":{"a":0,"k":[0,0],"ix":1},"s":{"a":0,"k":[100,100],"ix":3},"r":{"a":0,"k":0,"ix":6},"o":{"a":1,"k":[{"i":{"x":[0.833],"y":[0.694]},"o":{"x":[0.167],"y":[0.306]},"t":20.012,"s":[100]},{"i":{"x":[0.833],"y":[0.972]},"o":{"x":[0.167],"y":[0.028]},"t":75.067,"s":[20]},{"t":80.072558887012,"s":[0]}],"ix":7},"sk":{"a":0,"k":0,"ix":4},"sa":{"a":0,"k":0,"ix":5},"nm":"Transform","_render":true}],"nm":"æ¤­å 1","np":3,"cix":2,"bm":0,"ix":1,"mn":"ADBE Vector Group","hd":false,"_render":true}],"ip":20.012012012012,"op":308,"st":20.012012012012,"bm":0,"completed":true},{"ddd":0,"ind":5,"ty":4,"nm":"Circle-4","sr":1,"ks":{"o":{"a":0,"k":100,"ix":11},"r":{"a":0,"k":0,"ix":10},"p":{"a":0,"k":[250,250,0],"ix":2},"a":{"a":0,"k":[0,0,0],"ix":1},"s":{"a":0,"k":[100,100,100],"ix":6}},"ao":0,"shapes":[{"ty":"gr","it":[{"d":1,"ty":"el","s":{"a":1,"k":[{"i":{"x":[0.833,0.833],"y":[0.809,0.809]},"o":{"x":[0.167,0.167],"y":[0.191,0.191]},"t":40.025,"s":[160,160]},{"i":{"x":[0.833,0.833],"y":[0.936,0.936]},"o":{"x":[0.167,0.167],"y":[0.064,0.064]},"t":95.08,"s":[400,400]},{"t":100.085571900025,"s":[465,465]}],"ix":2},"p":{"a":0,"k":[0,0],"ix":3},"nm":"æ¤­åè·¯å¾ 1","mn":"ADBE Vector Shape - Ellipse","hd":false,"_render":true},{"ty":"st","c":{"a":0,"k":[0,0.5725,0.8941,1],"ix":3},"o":{"a":0,"k":100,"ix":4},"w":{"a":0,"k":3,"ix":5},"lc":1,"lj":1,"ml":4,"bm":0,"nm":"æè¾¹ 1","mn":"ADBE Vector Graphic - Stroke","hd":false,"_render":true},{"ty":"tr","p":{"a":0,"k":[0,0],"ix":2},"a":{"a":0,"k":[0,0],"ix":1},"s":{"a":0,"k":[100,100],"ix":3},"r":{"a":0,"k":0,"ix":6},"o":{"a":1,"k":[{"i":{"x":[0.833],"y":[0.694]},"o":{"x":[0.167],"y":[0.306]},"t":40.025,"s":[100]},{"i":{"x":[0.833],"y":[0.972]},"o":{"x":[0.167],"y":[0.028]},"t":95.08,"s":[20]},{"t":100.085571900025,"s":[0]}],"ix":7},"sk":{"a":0,"k":0,"ix":4},"sa":{"a":0,"k":0,"ix":5},"nm":"Transform","_render":true}],"nm":"æ¤­å 1","np":3,"cix":2,"bm":0,"ix":1,"mn":"ADBE Vector Group","hd":false,"_render":true}],"ip":40.025025025025,"op":314.987987987988,"st":40.025025025025,"bm":0,"completed":true},{"ddd":0,"ind":6,"ty":4,"nm":"Circle-7","sr":1,"ks":{"o":{"a":0,"k":100,"ix":11},"r":{"a":0,"k":0,"ix":10},"p":{"a":0,"k":[250,250,0],"ix":2},"a":{"a":0,"k":[0,0,0],"ix":1},"s":{"a":0,"k":[100,100,100],"ix":6}},"ao":0,"shapes":[{"ty":"gr","it":[{"d":1,"ty":"el","s":{"a":1,"k":[{"i":{"x":[0.833,0.833],"y":[0.809,0.809]},"o":{"x":[0.167,0.167],"y":[0.191,0.191]},"t":60,"s":[160,160]},{"i":{"x":[0.833,0.833],"y":[0.936,0.936]},"o":{"x":[0.167,0.167],"y":[0.064,0.064]},"t":115.055,"s":[400,400]},{"t":120.060546875,"s":[465,465]}],"ix":2},"p":{"a":0,"k":[0,0],"ix":3},"nm":"æ¤­åè·¯å¾ 1","mn":"ADBE Vector Shape - Ellipse","hd":false,"_render":true},{"ty":"st","c":{"a":0,"k":[0,0.5725,0.8941,1],"ix":3},"o":{"a":0,"k":100,"ix":4},"w":{"a":0,"k":3,"ix":5},"lc":1,"lj":1,"ml":4,"bm":0,"nm":"æè¾¹ 1","mn":"ADBE Vector Graphic - Stroke","hd":false,"_render":true},{"ty":"tr","p":{"a":0,"k":[0,0],"ix":2},"a":{"a":0,"k":[0,0],"ix":1},"s":{"a":0,"k":[100,100],"ix":3},"r":{"a":0,"k":0,"ix":6},"o":{"a":1,"k":[{"i":{"x":[0.833],"y":[0.694]},"o":{"x":[0.167],"y":[0.306]},"t":60,"s":[100]},{"i":{"x":[0.833],"y":[0.972]},"o":{"x":[0.167],"y":[0.028]},"t":115.055,"s":[20]},{"t":120.060546875,"s":[0]}],"ix":7},"sk":{"a":0,"k":0,"ix":4},"sa":{"a":0,"k":0,"ix":5},"nm":"Transform","_render":true}],"nm":"æ¤­å 1","np":3,"cix":2,"bm":0,"ix":1,"mn":"ADBE Vector Group","hd":false,"_render":true}],"ip":60,"op":359.987987987988,"st":60,"bm":0,"completed":true},{"ddd":0,"ind":7,"ty":4,"nm":"Circle-6","sr":1,"ks":{"o":{"a":0,"k":100,"ix":11},"r":{"a":0,"k":0,"ix":10},"p":{"a":0,"k":[250,250,0],"ix":2},"a":{"a":0,"k":[0,0,0],"ix":1},"s":{"a":0,"k":[100,100,100],"ix":6}},"ao":0,"shapes":[{"ty":"gr","it":[{"d":1,"ty":"el","s":{"a":1,"k":[{"i":{"x":[0.833,0.833],"y":[0.809,0.809]},"o":{"x":[0.167,0.167],"y":[0.191,0.191]},"t":80.012,"s":[160,160]},{"i":{"x":[0.833,0.833],"y":[0.936,0.936]},"o":{"x":[0.167,0.167],"y":[0.064,0.064]},"t":135.067,"s":[400,400]},{"t":140.072558887012,"s":[465,465]}],"ix":2},"p":{"a":0,"k":[0,0],"ix":3},"nm":"æ¤­åè·¯å¾ 1","mn":"ADBE Vector Shape - Ellipse","hd":false,"_render":true},{"ty":"st","c":{"a":0,"k":[0,0.5725,0.8941,1],"ix":3},"o":{"a":0,"k":100,"ix":4},"w":{"a":0,"k":3,"ix":5},"lc":1,"lj":1,"ml":4,"bm":0,"nm":"æè¾¹ 1","mn":"ADBE Vector Graphic - Stroke","hd":false,"_render":true},{"ty":"tr","p":{"a":0,"k":[0,0],"ix":2},"a":{"a":0,"k":[0,0],"ix":1},"s":{"a":0,"k":[100,100],"ix":3},"r":{"a":0,"k":0,"ix":6},"o":{"a":1,"k":[{"i":{"x":[0.833],"y":[0.694]},"o":{"x":[0.167],"y":[0.306]},"t":80.012,"s":[100]},{"i":{"x":[0.833],"y":[0.972]},"o":{"x":[0.167],"y":[0.028]},"t":135.067,"s":[20]},{"t":140.072558887012,"s":[0]}],"ix":7},"sk":{"a":0,"k":0,"ix":4},"sa":{"a":0,"k":0,"ix":5},"nm":"Transform","_render":true}],"nm":"æ¤­å 1","np":3,"cix":2,"bm":0,"ix":1,"mn":"ADBE Vector Group","hd":false,"_render":true}],"ip":80.012012012012,"op":368,"st":80.012012012012,"bm":0,"completed":true}],"markers":[],"__complete":true}