{
  "project_info": {
    "project_number": "138728800887",
    "project_id": "sensorgempa-b5c9e",
    "storage_bucket": "sensorgempa-b5c9e.firebasestorage.app"
  },
  "client": [
    {
      "client_info": {
        "mobilesdk_app_id": "1:138728800887:android:327282cb7eb59ca6cbbc72",
        "android_client_info": {
          "package_name": "com.example.sensorgempa"
        }
      },
      "oauth_client": [],
      "api_key": [
        {
          "current_key": "AIzaSyDxzF6aV5oEUCJBKkKXMHH-HCZgnYQB67k"
        }
      ],
      "services": {
        "appinvite_service": {
          "other_platform_oauth_client": []
        }
      }
    }
  ],
  "configuration_version": "1"
}